item_id;brand_id;item_category_id;item_category
20224176006;10013;444;Макияж
20221040001;10013;444;Макияж
20221376004;10013;444;Макияж
15793344028;10021;444;Макияж
35852544052;10013;444;Макияж
8221024002;10021;333;Парфюмерия
35852544069;10013;444;Макияж
15801408020;10021;444;Макияж
15800624001;10021;444;Макияж
35852544067;10013;444;Макияж
15829968002;10013;444;Макияж
16924992008;10021;555;Уход
16925552002;10021;555;Уход
16923648036;10021;555;Уход
16923648032;10021;555;Уход
7852208003;10013;333;Парфюмерия
15793344035;10021;444;Макияж
90036912003;10021;333;Парфюмерия
16923312052;10021;555;Уход
16925328004;10021;555;Уход
15802192001;10021;444;Макияж
16924320003;10021;555;Уход
20220144003;10013;444;Макияж
16924992007;10021;555;Уход
16924992002;10021;555;Уход
16925552001;10021;555;Уход
7855344001;10013;333;Парфюмерия
35865312088;10021;555;Уход
16923536020;10021;444;Макияж
20224176001;10013;444;Макияж
15850800009;10013;444;Макияж
16924208011;10021;555;Уход
15829968001;10013;444;Макияж
16925328002;10021;555;Уход
20220144002;10013;444;Макияж
16923312060;10021;555;Уход
20220816002;10013;444;Макияж
35880544035;10013;333;Парфюмерия
35880544028;10013;333;Парфюмерия
17027696004;10013;555;Уход
15835120001;10013;444;Макияж
16924992009;10021;555;Уход
15799504007;10021;444;Макияж
20223280002;10013;444;Макияж
15828736011;10013;444;Макияж
15957424027;10013;444;Макияж
15835232009;10013;444;Макияж
35865424064;10013;555;Уход
15792560016;10021;444;Макияж
16925552004;10021;555;Уход
7852432001;10013;333;Парфюмерия
20223392017;10013;444;Макияж
16923536010;10021;444;Макияж
15800624010;10021;444;Макияж
20223392004;10013;444;Макияж
90036912013;10021;333;Парфюмерия
15803200012;10021;444;Макияж
15835120002;10013;444;Макияж
35852544075;10013;555;Уход
16925552007;10021;555;Уход
20222160006;10013;444;Макияж
20220368009;10013;444;Макияж
15836240013;10013;444;Макияж
15803200016;10021;444;Макияж
15825712032;10013;444;Макияж
16923648034;10021;555;Уход
15803088002;10021;444;Макияж
16924208025;10021;555;Уход
20223392032;10013;444;Макияж
15800288001;10021;444;Макияж
20222048001;10013;444;Макияж
15826160072;10013;444;Макияж
7851312009;10013;333;Парфюмерия
16923312064;10021;555;Уход
35865312093;10021;555;Уход
35865424073;10013;555;Уход
20223392010;10013;444;Макияж
15799840017;10021;444;Макияж
15835120008;10013;444;Макияж
15799280016;10021;444;Макияж
15828736013;10013;444;Макияж
16923536013;10021;444;Макияж
20223392008;10013;444;Макияж
15794800002;10021;444;Макияж
20222496001;10013;444;Макияж
20222160002;10013;444;Макияж
20220816004;10013;444;Макияж
15803200011;10021;444;Макияж
20220592004;10013;444;Макияж
16924208031;10021;555;Уход
16924544022;10021;555;Уход
20220368017;10013;444;Макияж
20223280001;10013;444;Макияж
17024672011;10013;555;Уход
17026464007;10013;555;Уход
15828736029;10013;444;Макияж
20220144004;10013;444;Макияж
15800848001;10021;444;Макияж
15849792074;10013;444;Макияж
20219472004;10013;444;Макияж
16924656010;10021;444;Макияж
17024112017;10013;555;Уход
7855120002;10013;333;Парфюмерия
15799280010;10021;444;Макияж
15815856009;10021;444;Макияж
20222944001;10013;444;Макияж
7856128001;10013;333;Парфюмерия
20224176009;10013;444;Макияж
20221376012;10013;444;Макияж
15846880002;10013;444;Макияж
20223392001;10013;444;Макияж
20222048006;10013;444;Макияж
35852544066;10013;444;Макияж
17024224027;10013;555;Уход
15828736026;10013;444;Макияж
20224176010;10013;444;Макияж
16923536012;10021;444;Макияж
15842288001;10013;444;Макияж
17026464008;10013;555;Уход
16924096056;10021;555;Уход
15815856006;10021;444;Макияж
16923984009;10021;666;Уход за волосами
16923424021;10021;555;Уход
20221376001;10013;444;Макияж
15793344029;10021;444;Макияж
16924992001;10021;555;Уход
16925552003;10021;555;Уход
17027472001;10013;555;Уход
15800288007;10021;444;Макияж
20223392015;10013;444;Макияж
15795248011;10021;444;Макияж
16924432022;10021;555;Уход
20220592002;10013;444;Макияж
35865424066;10013;555;Уход
15826272008;10013;444;Макияж
17025904006;10013;555;Уход
17025904002;10013;555;Уход
20220592001;10013;444;Макияж
16923312053;10021;555;Уход
16924432026;10021;555;Уход
15828736025;10013;444;Макияж
15801296003;10021;444;Макияж
17024336053;10013;555;Уход
16924432003;10021;555;Уход
16923648040;10021;555;Уход
15799056002;10021;444;Макияж
15799168030;10021;444;Макияж
15828736001;10013;444;Макияж
15803200009;10021;444;Макияж
15826160071;10013;444;Макияж
20223392037;10013;444;Макияж
15803200018;10021;444;Макияж
90037584002;10021;333;Парфюмерия
16924208018;10021;555;Уход
15828736024;10013;444;Макияж
15799392004;10021;444;Макияж
20224288003;10013;444;Макияж
15842176007;10013;444;Макияж
15835344003;10013;444;Макияж
20221936008;10013;555;Уход
16924992004;10021;555;Уход
7855456002;10013;333;Парфюмерия
15816192008;10021;444;Макияж
16923312054;10021;555;Уход
15834784001;10013;444;Макияж
20223504003;10013;444;Макияж
15803200017;10021;444;Макияж
20221712002;10013;444;Макияж
7851312001;10013;333;Парфюмерия
16924096055;10021;555;Уход
20219360002;10013;444;Макияж
17025904004;10013;555;Уход
15803200004;10021;444;Макияж
17025904007;10013;555;Уход
15795360008;10021;444;Макияж
15825712029;10013;444;Макияж
15826160074;10013;444;Макияж
16925552008;10021;555;Уход
20222160007;10013;444;Макияж
15815856007;10021;444;Макияж
7851312002;10013;333;Парфюмерия
20222832001;10013;444;Макияж
17024112019;10013;555;Уход
20221376007;10013;444;Макияж
16923312047;10021;555;Уход
15803200015;10021;444;Макияж
15957424025;10013;444;Макияж
15836240024;10013;444;Макияж
15795248015;10021;444;Макияж
15836240017;10013;444;Макияж
35852880010;10021;444;Макияж
15828736022;10013;444;Макияж
15799728002;10021;444;Макияж
15828736016;10013;444;Макияж
15802304001;10021;444;Макияж
20224176004;10013;444;Макияж
15792560019;10021;444;Макияж
16923312059;10021;555;Уход
16923536015;10021;444;Макияж
20221600002;10013;555;Уход
15799728003;10021;444;Макияж
15849792068;10013;444;Макияж
15800624009;10021;444;Макияж
15828736015;10013;444;Макияж
15815856008;10021;444;Макияж
15793232008;10021;444;Макияж
16923312050;10021;555;Уход
15825712031;10013;444;Макияж
15826160069;10013;444;Макияж
15803088006;10021;444;Макияж
16923312056;10021;555;Уход
17026576002;10013;555;Уход
15801072021;10021;444;Макияж
20220704001;10013;444;Макияж
20221712010;10013;444;Макияж
20218912006;10013;444;Макияж
7856240002;10013;333;Парфюмерия
16923648041;10021;555;Уход
35865312082;10021;555;Уход
15826048066;10013;444;Макияж
20220816008;10013;444;Макияж
20221936004;10013;444;Макияж
17024336041;10013;555;Уход
15794576006;10021;444;Макияж
35852880011;10021;444;Макияж
17026912001;10013;444;Макияж
90036912012;10021;333;Парфюмерия
15803200003;10021;444;Макияж
20220592003;10013;444;Макияж
15842176001;10013;444;Макияж
15844752008;10013;444;Макияж
15815856010;10021;444;Макияж
20221488006;10013;444;Макияж
7852432003;10013;333;Парфюмерия
20221936010;10013;444;Макияж
20220368008;10013;444;Макияж
15792560017;10021;444;Макияж
17026128016;10013;555;Уход
16924656016;10021;555;Уход
20220368012;10013;444;Макияж
20219696015;10013;444;Макияж
20220368011;10013;444;Макияж
15849792056;10013;444;Макияж
17024224043;10013;555;Уход
16923312045;10021;555;Уход
15801296001;10021;444;Макияж
16924656012;10021;555;Уход
16924096041;10021;555;Уход
15800288008;10021;444;Макияж
20219472009;10013;444;Макияж
20226192003;10013;555;Уход
7851760002;10013;333;Парфюмерия
17024336031;10013;555;Уход
20221152002;10013;555;Уход
16925552006;10021;555;Уход
16923648010;10021;555;Уход
15799168036;10021;444;Макияж
16924544028;10021;444;Макияж
17024112016;10013;555;Уход
15834336001;10013;444;Макияж
16924096036;10021;555;Уход
35865312094;10021;555;Уход
20222048004;10013;444;Макияж
15795248013;10021;444;Макияж
15803088003;10021;444;Макияж
15828736017;10013;444;Макияж
20221936001;10013;444;Макияж
15849792058;10013;444;Макияж
20220368016;10013;444;Макияж
7855568001;10013;333;Парфюмерия
35852544077;10013;444;Макияж
15793904022;10021;444;Макияж
15799280017;10021;444;Макияж
20219472001;10013;444;Макияж
15795248008;10021;444;Макияж
20219472007;10013;444;Макияж
20222832002;10013;444;Макияж
15850800010;10013;444;Макияж
20223840004;10013;444;Макияж
15828736002;10013;444;Макияж
15849792066;10013;444;Макияж
35865312083;10021;555;Уход
15801408021;10021;444;Макияж
7855344002;10013;333;Парфюмерия
16923424058;10021;555;Уход
17026464003;10013;555;Уход
17025904009;10013;555;Уход
16925216010;10021;555;Уход
16924320001;10021;555;Уход
15836240006;10013;444;Макияж
16924208026;10021;555;Уход
15802864001;10021;444;Макияж
20220816003;10013;444;Макияж
15799168038;10021;444;Макияж
15793680006;10021;444;Макияж
17024448002;10013;555;Уход
16924544025;10021;555;Уход
15801072022;10021;444;Макияж
16924432030;10021;555;Уход
15816192011;10021;444;Макияж
15799840013;10021;444;Макияж
17025568002;10013;555;Уход
35880544034;10013;333;Парфюмерия
20220144012;10013;444;Макияж
15801408013;10021;444;Макияж
20223392036;10013;444;Макияж
15799616001;10021;444;Макияж
15799168046;10021;444;Макияж
15801408029;10021;444;Макияж
20224288001;10013;444;Макияж
15795248012;10021;444;Макияж
16923536019;10021;444;Макияж
20220144007;10013;444;Макияж
7851760024;10013;333;Парфюмерия
15800624011;10021;444;Макияж
15802192002;10021;444;Макияж
35865312091;10021;555;Уход
16924432021;10021;555;Уход
17025456006;10013;555;Уход
15801072024;10021;444;Макияж
35880544038;10013;333;Парфюмерия
16923536011;10021;444;Макияж
16925440001;10021;555;Уход
35865312084;10021;555;Уход
16923312048;10021;555;Уход
20221712018;10013;444;Макияж
16923536018;10021;444;Макияж
15835120003;10013;444;Макияж
20223392016;10013;444;Макияж
15803200001;10021;444;Макияж
7851760012;10013;333;Парфюмерия
15793904016;10021;444;Макияж
20220368006;10013;444;Макияж
15795248009;10021;444;Макияж
15802752002;10021;444;Макияж
15834784003;10013;444;Макияж
16925440002;10021;555;Уход
15803088008;10021;444;Макияж
15793904011;10021;444;Макияж
17025568019;10013;555;Уход
35852544060;10013;444;Макияж
15815856013;10021;555;Уход
16924432016;10021;555;Уход
15802192006;10021;444;Макияж
15800064011;10021;444;Макияж
35865312099;10021;555;Уход
15792336006;10021;444;Макияж
15836240003;10013;444;Макияж
20222160008;10013;444;Макияж
16924544024;10021;555;Уход
15803088001;10021;444;Макияж
20221376011;10013;444;Макияж
15799280012;10021;444;Макияж
20221712019;10013;444;Макияж
20220592006;10013;444;Макияж
15849792071;10013;444;Макияж
15799840012;10021;444;Макияж
15957424028;10013;444;Макияж
16923312068;10021;555;Уход
17024336052;10013;555;Уход
17027472006;10013;555;Уход
15803200002;10021;444;Макияж
7853216002;10013;333;Парфюмерия
15849792060;10013;444;Макияж
17024336046;10013;555;Уход
20219808001;10013;444;Макияж
20221712021;10013;444;Макияж
15803200006;10021;444;Макияж
16924544008;10021;555;Уход
15802080003;10021;444;Макияж
15799392010;10021;444;Макияж
16924432031;10021;555;Уход
15799728001;10021;444;Макияж
35852544062;10013;444;Макияж
16923536032;10021;555;Уход
7856240001;10013;333;Парфюмерия
16924544009;10021;555;Уход
15844976009;10013;444;Макияж
16924432002;10021;555;Уход
20224176007;10013;444;Макияж
20221488002;10013;444;Макияж
16923536002;10021;555;Уход
15803200013;10021;444;Макияж
15800400007;10021;444;Макияж
17024112018;10013;555;Уход
20221936009;10013;444;Макияж
35865312095;10021;555;Уход
17024672004;10013;555;Уход
15828736027;10013;444;Макияж
20221712016;10013;444;Макияж
16923648031;10021;555;Уход
16923312046;10021;555;Уход
15795248010;10021;444;Макияж
35880544032;10013;333;Парфюмерия
15792560015;10021;444;Макияж
17027472004;10013;555;Уход
16924208022;10021;555;Уход
35880544031;10013;333;Парфюмерия
20221712020;10013;444;Макияж
15802752003;10021;444;Макияж
15849792057;10013;444;Макияж
20219472002;10013;444;Макияж
20222048002;10013;444;Макияж
15803088010;10021;444;Макияж
15801408011;10021;444;Макияж
16925328001;10021;555;Уход
15799056008;10021;444;Макияж
20221936007;10013;555;Уход
15802192003;10021;444;Макияж
27843984347;10013;444;Макияж
17024112022;10013;555;Уход
20223056017;10013;444;Макияж
27843984346;10013;444;Макияж
15799168032;10021;444;Макияж
16923536001;10021;555;Уход
20222832003;10013;444;Макияж
15801296006;10021;444;Макияж
15803088009;10021;444;Макияж
15842176003;10013;444;Макияж
20221488004;10013;444;Макияж
15825712013;10013;444;Макияж
15801296004;10021;444;Макияж
7852096002;10013;333;Парфюмерия
20220368007;10013;444;Макияж
15842176009;10013;444;Макияж
17027696007;10013;555;Уход
20223392038;10013;444;Макияж
16924656013;10021;555;Уход
15798496004;10021;444;Макияж
16924432018;10021;555;Уход
15815856012;10021;444;Макияж
17024672013;10013;555;Уход
15849792059;10013;444;Макияж
17024224029;10013;555;Уход
20223392034;10013;444;Макияж
16923312065;10021;555;Уход
17026576001;10013;555;Уход
15801408026;10021;444;Макияж
20221600001;10013;555;Уход
20223728001;10013;444;Макияж
17024224026;10013;555;Уход
17025568001;10013;555;Уход
15826160075;10013;444;Макияж
16923648037;10021;555;Уход
16925328003;10021;555;Уход
17026128011;10013;555;Уход
20223392035;10013;444;Макияж
17025568031;10013;555;Уход
20220144006;10013;444;Макияж
16924656015;10021;555;Уход
15802304003;10021;444;Макияж
16923648020;10021;444;Макияж
20221712004;10013;444;Макияж
16923984003;10021;666;Уход за волосами
15792672036;10021;444;Макияж
16924992010;10021;555;Уход
16923312057;10021;555;Уход
20220144001;10013;444;Макияж
16923648009;10021;555;Уход
20223840003;10013;444;Макияж
15793344038;10021;444;Макияж
15801296002;10021;444;Макияж
15830192020;10013;444;Макияж
17024224036;10013;555;Уход
16924432028;10021;555;Уход
15801632002;10021;444;Макияж
7851648001;10013;333;Парфюмерия
20221712011;10013;444;Макияж
17025568011;10013;555;Уход
17026128002;10013;555;Уход
35865424059;10013;555;Уход
16924432025;10021;555;Уход
15826272009;10013;444;Макияж
16924656017;10021;555;Уход
35865312096;10021;555;Уход
16924432011;10021;555;Уход
15800176004;10021;444;Макияж
15836240021;10013;444;Макияж
15849792069;10013;444;Макияж
90036912007;10021;333;Парфюмерия
15802304004;10021;444;Макияж
15800288004;10021;444;Макияж
7853216004;10013;333;Парфюмерия
16925216012;10021;555;Уход
15793904020;10021;444;Макияж
20223392030;10013;444;Макияж
35852544074;10013;444;Макияж
15829968003;10013;444;Макияж
15842064013;10013;444;Макияж
16924208027;10021;555;Уход
15800288002;10021;444;Макияж
15803088007;10021;444;Макияж
16923648029;10021;555;Уход
20222160004;10013;444;Макияж
35852544078;10013;444;Макияж
20223504002;10013;444;Макияж
16924096057;10021;555;Уход
15801408001;10021;444;Макияж
16923312072;10021;555;Уход
16924544021;10021;555;Уход
15792112003;10021;444;Макияж
20224512004;10013;444;Макияж
16923648021;10021;444;Макияж
16924656009;10021;555;Уход
16924880001;10021;444;Макияж
15803088004;10021;444;Макияж
16924992003;10021;555;Уход
15803200010;10021;444;Макияж
15793344034;10021;444;Макияж
15799504008;10021;444;Макияж
15799056009;10021;444;Макияж
15803200007;10021;444;Макияж
20219360006;10013;444;Макияж
16923648038;10021;555;Уход
15802080001;10021;444;Макияж
15799280008;10021;444;Макияж
15836240004;10013;444;Макияж
15801072026;10021;444;Макияж
20222048003;10013;444;Макияж
15836240022;10013;444;Макияж
15795248007;10021;444;Макияж
15815856011;10021;444;Макияж
15800288006;10021;444;Макияж
15801408006;10021;444;Макияж
15826160076;10013;444;Макияж
17024224028;10013;555;Уход
20224288002;10013;444;Макияж
20220368004;10013;444;Макияж
17024112011;10013;555;Уход
20224512002;10013;444;Макияж
20226192002;10013;555;Уход
16925216002;10021;444;Макияж
7853216003;10013;333;Парфюмерия
15849792063;10013;444;Макияж
15816192010;10021;444;Макияж
#Н/Д;10013;444;Макияж
15849792072;10013;444;Макияж
17024448015;10013;555;Уход
15799280006;10021;444;Макияж
15849792073;10013;444;Макияж
17024224031;10013;555;Уход
15800400008;10021;444;Макияж
20222720001;10013;444;Макияж
7851312003;10013;333;Парфюмерия
16923424018;10021;555;Уход
17024448016;10013;555;Уход
20220144008;10013;444;Макияж
15844976003;10013;444;Макияж
15835120007;10013;444;Макияж
20219472003;10013;444;Макияж
20220368019;10013;444;Макияж
35865424067;10013;555;Уход
20223840001;10013;444;Макияж
20221376010;10013;444;Макияж
20224288004;10013;444;Макияж
20223504004;10013;444;Макияж
15799168040;10021;444;Макияж
17026464002;10013;555;Уход
20218912004;10013;444;Макияж
16924656006;10021;555;Уход
7853216013;10013;333;Парфюмерия
20222048007;10013;444;Макияж
17025456009;10013;555;Уход
15799168052;10021;444;Макияж
20220816001;10013;444;Макияж
15799840011;10021;444;Макияж
17027248001;10013;444;Макияж
20221376003;10013;444;Макияж
15800624012;10021;444;Макияж
15816192004;10021;444;Макияж
16924544006;10021;555;Уход
16924432019;10021;555;Уход
15799056001;10021;444;Макияж
15802752004;10021;444;Макияж
20221488007;10013;444;Макияж
20220368013;10013;444;Макияж
15802304002;10021;444;Макияж
15850688008;10013;444;Макияж
15801408022;10021;444;Макияж
20220368001;10013;444;Макияж
15792336004;10021;444;Макияж
17027696001;10013;555;Уход
20222160001;10013;444;Макияж
16924432032;10021;555;Уход
16923424059;10021;555;Уход
17025008017;10013;555;Уход
15849792065;10013;444;Макияж
16924208024;10021;555;Уход
17024448018;10013;555;Уход
15802080002;10021;444;Макияж
17027696003;10013;555;Уход
17027696002;10013;555;Уход
17024672017;10013;555;Уход
20221376009;10013;444;Макияж
15793904006;10021;444;Макияж
16924544030;10021;444;Макияж
17024336032;10013;555;Уход
15800624004;10021;444;Макияж
17027472008;10013;555;Уход
16923984006;10021;666;Уход за волосами
15793904004;10021;444;Макияж
15849792053;10013;444;Макияж
15836240020;10013;444;Макияж
20222272001;10013;444;Макияж
20223616004;10013;444;Макияж
15801408016;10021;444;Макияж
17026128004;10013;555;Уход
17024112031;10013;555;Уход
16924208029;10021;555;Уход
20223056007;10013;444;Макияж
20223392018;10013;444;Макияж
15836240015;10013;444;Макияж
15801632001;10021;444;Макияж
15829968006;10013;444;Макияж
17026016001;10013;555;Уход
16924208028;10021;555;Уход
15815744006;10021;444;Макияж
20220368002;10013;444;Макияж
15844976004;10013;444;Макияж
16925216004;10021;555;Уход
15793344030;10021;444;Макияж
15799280019;10021;444;Макияж
35852544073;10013;444;Макияж
17025568027;10013;555;Уход
7856240003;10013;333;Парфюмерия
17025568025;10013;555;Уход
20223056011;10013;444;Макияж
17025568018;10013;555;Уход
16924208032;10021;555;Уход
15836240016;10013;444;Макияж
17027584002;10013;555;Уход
16924768001;10021;555;Уход
16925216001;10021;555;Уход
16924656008;10021;555;Уход
20223392006;10013;444;Макияж
17027696006;10013;555;Уход
15800288003;10021;444;Макияж
15826160073;10013;444;Макияж
16924096037;10021;555;Уход
20219696016;10013;444;Макияж
15799168064;10021;444;Макияж
16924096035;10021;555;Уход
20224512007;10013;444;Макияж
16924096059;10021;555;Уход
20220144015;10013;444;Макияж
35865312100;10021;555;Уход
15793344031;10021;444;Макияж
16924432006;10021;555;Уход
20222384001;10013;444;Макияж
16923312040;10021;555;Уход
15801408017;10021;444;Макияж
16924096058;10021;555;Уход
20223728002;10013;444;Макияж
15799280013;10021;444;Макияж
20223392022;10013;444;Макияж
16925216009;10021;555;Уход
16925216011;10021;555;Уход
15799168034;10021;444;Макияж
35880544037;10013;333;Парфюмерия
15828400006;10013;444;Макияж
15801408010;10021;444;Макияж
17025568010;10013;555;Уход
15801408015;10021;444;Макияж
35852544056;10013;444;Макияж
20222160011;10013;444;Макияж
20224176003;10013;444;Макияж
15796592015;10021;444;Макияж
20219808002;10013;444;Макияж
20220816006;10013;444;Макияж
20218912002;10013;444;Макияж
20222832006;10013;444;Макияж
15802304006;10021;444;Макияж
15834784002;10013;444;Макияж
16924096060;10021;444;Макияж
15799840015;10021;444;Макияж
15842288003;10013;444;Макияж
17025904012;10013;555;Уход
35852544055;10013;444;Макияж
16924096039;10021;555;Уход
15801408028;10021;444;Макияж
15799056003;10021;444;Макияж
15793232009;10021;444;Макияж
16924656011;10021;555;Уход
15801408008;10021;444;Макияж
15801296007;10021;444;Макияж
35852544080;10013;444;Макияж
15800624007;10021;444;Макияж
20221936002;10013;444;Макияж
16923984008;10021;666;Уход за волосами
15834672002;10013;444;Макияж
15800848002;10021;444;Макияж
15825712021;10013;444;Макияж
20223392011;10013;444;Макияж
20223056015;10013;444;Макияж
20222384002;10013;444;Макияж
15800624013;10021;444;Макияж
20224176002;10013;444;Макияж
15800624017;10021;444;Макияж
15799056010;10021;444;Макияж
16924656018;10021;555;Уход
15801408012;10021;444;Макияж
15802192004;10021;444;Макияж
15816192006;10021;444;Макияж
20224512001;10013;444;Макияж
7852544004;10013;333;Парфюмерия
17027472002;10013;555;Уход
20219136001;10013;444;Макияж
20218912001;10013;444;Макияж
35852544072;10013;444;Макияж
17025456004;10013;555;Уход
16925216003;10021;555;Уход
16923312039;10021;555;Уход
15799280007;10021;444;Макияж
16924544029;10021;444;Макияж
16924432004;10021;555;Уход
15793344036;10021;444;Макияж
20221712013;10013;444;Макияж
17025568020;10013;555;Уход
16923312066;10021;555;Уход
20219360004;10013;444;Макияж
20224512006;10013;444;Макияж
15793904018;10021;444;Макияж
35865312101;10021;555;Уход
7853104001;10013;333;Парфюмерия
35865312102;10021;555;Уход
15793904007;10021;444;Макияж
20224176008;10013;444;Макияж
35865312103;10021;555;Уход
15792560018;10021;444;Макияж
16924992013;10021;555;Уход
20226192001;10013;555;Уход
17027584006;10013;555;Уход
7856016001;10013;333;Парфюмерия
20221712012;10013;444;Макияж
15793344032;10021;444;Макияж
15842176002;10013;444;Макияж
17024112020;10013;555;Уход
20223392029;10013;444;Макияж
17025568028;10013;555;Уход
15842176004;10013;444;Макияж
15799280018;10021;444;Макияж
20221712001;10013;444;Макияж
15793904009;10021;444;Макияж
15825712030;10013;444;Макияж
17025568026;10013;555;Уход
20224512003;10013;444;Макияж
17025680006;10013;555;Уход
35852544076;10013;444;Макияж
7851536002;10013;333;Парфюмерия
15849792064;10013;444;Макияж
20221824006;10013;444;Макияж
15849792067;10013;444;Макияж
20220144011;10013;444;Макияж
16923648017;10021;555;Уход
90036912004;10021;333;Парфюмерия
15793904013;10021;444;Макияж
20223392003;10013;444;Макияж
35852544071;10013;444;Макияж
16924768002;10021;555;Уход
15800176001;10021;444;Макияж
20221936003;10013;555;Уход
17025568006;10013;555;Уход
7855904004;10013;333;Парфюмерия
15801408024;10021;444;Макияж
17025456010;10013;555;Уход
15799840016;10021;444;Макияж
15792560020;10021;444;Макияж
15826160078;10013;444;Макияж
20220928001;10013;555;Уход
15843520003;10013;444;Макияж
20220368015;10013;444;Макияж
15793792015;10021;444;Макияж
20221152001;10013;555;Уход
20223056004;10013;444;Макияж
15803200008;10021;444;Макияж
15849792078;10013;444;Макияж
20221712007;10013;444;Макияж
20219584001;10013;444;Макияж
15799840010;10021;444;Макияж
20221824002;10013;444;Макияж
20223392021;10013;444;Макияж
15842176008;10013;444;Макияж
15801072015;10021;444;Макияж
17025904010;10013;555;Уход
20222832004;10013;444;Макияж
20223392028;10013;444;Макияж
20223616006;10013;444;Макияж
20221712009;10013;444;Макияж
16925216007;10021;555;Уход
15826160077;10013;444;Макияж
16925664004;10021;555;Уход
17024224045;10013;555;Уход
15801408019;10021;444;Макияж
20223504001;10013;444;Макияж
20221712008;10013;444;Макияж
15816192003;10021;444;Макияж
15800624006;10021;444;Макияж
20223616001;10013;444;Макияж
20221712017;10013;444;Макияж
15799392002;10021;444;Макияж
15849792055;10013;444;Макияж
17024112029;10013;555;Уход
20218912003;10013;444;Макияж
16925664006;10021;555;Уход
16925664003;10021;555;Уход
20221712003;10013;444;Макияж
20219136002;10013;444;Макияж
15798608003;10021;444;Макияж
15825712027;10013;444;Макияж
17026128008;10013;555;Уход
15842624015;10013;444;Макияж
7855904002;10013;333;Парфюмерия
15816752006;10021;444;Макияж
16925888003;10021;555;Уход
16925888001;10021;555;Уход
15801408027;10021;444;Макияж
15816192007;10021;444;Макияж
16925664001;10021;555;Уход
15816864003;10021;444;Макияж
16925888002;10021;555;Уход
15801072020;10021;444;Макияж
20223056001;10013;444;Макияж
15793344037;10021;444;Макияж
15799504006;10021;444;Макияж
20222048008;10013;444;Макияж
20224624001;10013;444;Макияж
20224624003;10013;444;Макияж
20224624002;10013;444;Макияж
7855904001;10013;333;Парфюмерия
17025568017;10013;555;Уход
15849792054;10013;444;Макияж
17025456008;10013;555;Уход
20223392027;10013;444;Макияж
17024112028;10013;555;Уход
15816192009;10021;444;Макияж
17025568032;10013;555;Уход
17025568034;10013;555;Уход
35852880004;10021;444;Макияж
15794688011;10021;444;Макияж
35852544053;10013;444;Макияж
15801408002;10021;444;Макияж
20219360007;10013;444;Макияж
20223056016;10013;444;Макияж
16923536028;10021;555;Уход
17027584009;10013;555;Уход
15801408009;10021;444;Макияж
15826160044;10013;444;Макияж
15799392001;10021;444;Макияж
15800176006;10021;444;Макияж
7851536003;10013;333;Парфюмерия
15816752002;10021;444;Макияж
20222160009;10013;444;Макияж
20219360001;10013;444;Макияж
20223056006;10013;444;Макияж
20222944002;10013;444;Макияж
35880544036;10013;333;Парфюмерия
15793232011;10021;444;Макияж
35865424060;10013;555;Уход
15796592018;10021;444;Макияж
16925664002;10021;555;Уход
16924656007;10021;555;Уход
17025568012;10013;555;Уход
17025568030;10013;555;Уход
15825712019;10013;444;Макияж
16924544002;10021;555;Уход
20224064002;10013;444;Макияж
20223616002;10013;444;Макияж
20223616003;10013;444;Макияж
15799840018;10021;444;Макияж
20220368018;10013;444;Макияж
15799280009;10021;444;Макияж
20223392044;10013;444;Макияж
20223392043;10013;444;Макияж
15849792062;10013;444;Макияж
20226416003;10013;333;Парфюмерия
15792224009;10021;444;Макияж
20226416004;10013;333;Парфюмерия
20223392039;10013;444;Макияж
20223504007;10013;444;Макияж
20223056003;10013;444;Макияж
15793904012;10021;444;Макияж
15793904008;10021;444;Макияж
16925216008;10021;555;Уход
20223504008;10013;444;Макияж
20219360003;10013;444;Макияж
15817312007;10021;444;Макияж
15801520006;10021;444;Макияж
17025568022;10013;555;Уход
20223056002;10013;444;Макияж
20222160003;10013;444;Макияж
20223504006;10013;444;Макияж
20223392045;10013;444;Макияж
15793232010;10021;444;Макияж
20223392040;10013;444;Макияж
20223392041;10013;444;Макияж
15816752001;10021;444;Макияж
16925216006;10021;555;Уход
15817424031;10021;444;Макияж
7855904003;10013;333;Парфюмерия
20221712006;10013;444;Макияж
20223056010;10013;444;Макияж
15817424028;10021;444;Макияж
15799168039;10021;444;Макияж
20221936006;10013;444;Макияж
20223056013;10013;444;Макияж
17025008018;10013;555;Уход
20220368003;10013;444;Макияж
20223056012;10013;444;Макияж
20223392025;10013;444;Макияж
20221712015;10013;444;Макияж
20224848003;10013;444;Макияж
20224960002;10013;444;Макияж
20224736006;10013;444;Макияж
20224848006;10013;444;Макияж
20224848002;10013;444;Макияж
20224848001;10013;444;Макияж
20224736009;10013;444;Макияж
20224736007;10013;444;Макияж
20224736002;10013;444;Макияж
20219024001;10013;444;Макияж
15825712026;10013;444;Макияж
15825712025;10013;444;Макияж
20226416002;10013;555;Уход
20224736001;10013;444;Макияж
15793904001;10021;444;Макияж
15800624003;10021;444;Макияж
20224064004;10013;444;Макияж
20224848004;10013;444;Макияж
17025568035;10013;555;Уход
20223392007;10013;444;Макияж
17027584004;10013;555;Уход
15801072013;10021;444;Макияж
15816752003;10021;444;Макияж
15801072006;10021;444;Макияж
35865424062;10013;555;Уход
20223392020;10013;444;Макияж
20223392002;10013;444;Макияж
20224960004;10013;444;Макияж
20223840002;10013;444;Макияж
20223392024;10013;444;Макияж
20223392009;10013;444;Макияж
15842176010;10013;444;Макияж
16925888004;10021;555;Уход
20223392019;10013;444;Макияж
20226192004;10013;555;Уход
16926000004;10021;555;Уход
20221712022;10013;444;Макияж
17026464009;10013;555;Уход
16926000002;10021;555;Уход
16926000001;10021;555;Уход
16926000006;10021;555;Уход
16926000003;10021;555;Уход
20224960001;10013;444;Макияж
15799392006;10021;444;Макияж
20223728003;10013;444;Макияж
7853552006;10013;333;Парфюмерия
7853552004;10013;333;Парфюмерия
15826272015;10013;444;Макияж
15844976001;10013;444;Макияж
16925328007;10021;555;Уход
16925328009;10021;555;Уход
16925328008;10021;555;Уход
20224736004;10013;444;Макияж
16925552010;10021;555;Уход
16925552009;10021;555;Уход
15844976002;10013;444;Макияж
15816752007;10021;444;Макияж
17027584003;10013;555;Уход
17027584001;10013;555;Уход
20224736003;10013;444;Макияж
17027472011;10013;555;Уход
17027472015;10013;555;Уход
20224064007;10013;444;Макияж
15793904010;10021;444;Макияж
35865424075;10013;555;Уход
35865424074;10013;555;Уход
17027472013;10013;555;Уход
17027472016;10013;555;Уход
7856016002;10013;333;Парфюмерия
17024224044;10013;555;Уход
35852544081;10013;444;Макияж
35852992009;10021;444;Макияж
15818768004;10021;444;Макияж
15818320018;10021;444;Макияж
15816752004;10021;444;Макияж
15818096035;10021;444;Макияж
15802752006;10021;444;Макияж
15819104008;10021;444;Макияж
15817984017;10021;444;Макияж
15818208040;10021;444;Макияж
15817760019;10021;444;Макияж
15818096029;10021;444;Макияж
15818208037;10021;444;Макияж
15818768007;10021;444;Макияж
15819104010;10021;444;Макияж
15818768006;10021;444;Макияж
15817984018;10021;444;Макияж
35852992008;10021;444;Макияж
15818208057;10021;444;Макияж
35852992013;10021;444;Макияж
35852992010;10021;444;Макияж
15818208046;10021;444;Макияж
15818096030;10021;444;Макияж
15818656010;10021;444;Макияж
15819104006;10021;444;Макияж
15818208054;10021;444;Макияж
15818096044;10021;444;Макияж
15795248016;10021;444;Макияж
35880544040;10013;333;Парфюмерия
15826272013;10013;444;Макияж
15793904026;10021;444;Макияж
15817760017;10021;444;Макияж
15818880031;10021;444;Макияж
15818320012;10021;444;Макияж
15818096047;10021;444;Макияж
15819104003;10021;444;Макияж
15818208049;10021;444;Макияж
35865424076;10013;555;Уход
15793904027;10021;444;Макияж
15818208036;10021;444;Макияж
15818320010;10021;444;Макияж
15825712028;10013;444;Макияж
15818992011;10021;444;Макияж
15818320011;10021;444;Макияж
15818208056;10021;444;Макияж
15818880008;10021;444;Макияж
15818096025;10021;444;Макияж
15818208058;10021;444;Макияж
15826272016;10013;444;Макияж
15818992012;10021;444;Макияж
15818096039;10021;444;Макияж
15818096032;10021;444;Макияж
15818320020;10021;444;Макияж
15818992010;10021;444;Макияж
15818096026;10021;444;Макияж
40744368007;10013;444;Макияж
15818208034;10021;444;Макияж
15818992007;10021;444;Макияж
15817984019;10021;444;Макияж
15818880030;10021;444;Макияж
35852544085;10013;444;Макияж
15817760018;10021;444;Макияж
15818208031;10021;444;Макияж
15818992008;10021;444;Макияж
15818208050;10021;444;Макияж
15818320017;10021;444;Макияж
15818096040;10021;444;Макияж
35852992004;10021;444;Макияж
17025568004;10013;555;Уход
15818096037;10021;444;Макияж
15819104007;10021;444;Макияж
15818096028;10021;444;Макияж
40744368003;10013;444;Макияж
35852992012;10021;444;Макияж
15818096045;10021;444;Макияж
15793904025;10021;444;Макияж
40744480008;10013;444;Макияж
40744368001;10013;444;Макияж
15818320021;10021;444;Макияж
15818096041;10021;444;Макияж
15818880025;10021;444;Макияж
15818096043;10021;444;Макияж
15818096046;10021;444;Макияж
15818208039;10021;444;Макияж
15818880029;10021;444;Макияж
35852992011;10021;444;Макияж
15818208032;10021;444;Макияж
15818880027;10021;444;Макияж
15818208030;10021;444;Макияж
15826272011;10013;444;Макияж
35852992007;10021;444;Макияж
15818208052;10021;444;Макияж
15793904028;10021;444;Макияж
15818208044;10021;444;Макияж
15818096027;10021;444;Макияж
40744368006;10013;444;Макияж
15793904024;10021;444;Макияж
15817984016;10021;444;Макияж
15826272012;10013;444;Макияж
15818096036;10021;444;Макияж
35880544039;10013;333;Парфюмерия
35852544082;10013;444;Макияж
35865424077;10013;555;Уход
35865312104;10021;555;Уход
35865424081;10013;555;Уход
35852544087;10013;444;Макияж
15818208041;10021;444;Макияж
35865312092;10021;555;Уход
15801072025;10021;444;Макияж
35865424082;10013;555;Уход
40744480001;10013;444;Макияж
15819104004;10021;444;Макияж
40744480009;10013;444;Макияж
20224736008;10013;444;Макияж
40744480006;10013;444;Макияж
35880544041;10013;333;Парфюмерия
15818880028;10021;444;Макияж
15818992009;10021;444;Макияж
35865312109;10021;555;Уход
40744480007;10013;444;Макияж
15818208059;10021;444;Макияж
15817760016;10021;444;Макияж
15818096031;10021;444;Макияж
40744480004;10013;444;Макияж
15818208043;10021;444;Макияж
15818320019;10021;444;Макияж
35852992015;10021;444;Макияж
40744368002;10013;444;Макияж
35865312112;10021;555;Уход
15826272017;10013;444;Макияж
15818096048;10021;444;Макияж
35865312111;10021;555;Уход
15818208035;10021;444;Макияж
40744480003;10013;444;Макияж
15818880026;10021;444;Макияж
15818208053;10021;444;Макияж
15818320009;10021;444;Макияж
15817760020;10021;444;Макияж
15818208047;10021;444;Макияж
35852544083;10013;444;Макияж
35852544088;10013;444;Макияж
15793904002;10021;444;Макияж
15819104002;10021;444;Макияж
40744368004;10013;444;Макияж
15819104009;10021;444;Макияж
15818320015;10021;444;Макияж
16923424060;10021;555;Уход
35865312106;10021;555;Уход
40744480002;10013;444;Макияж
35865312113;10021;555;Уход
35852544084;10013;444;Макияж
15818992015;10021;444;Макияж
40744368009;10013;444;Макияж
20223056008;10013;444;Макияж
15818208038;10021;444;Макияж
35865312108;10021;555;Уход
35865312105;10021;555;Уход
35865312110;10021;555;Уход
20223056009;10013;444;Макияж
35852992006;10021;444;Макияж
15818096038;10021;444;Макияж
35880544044;10013;333;Парфюмерия
15818320016;10021;444;Макияж
35852544086;10013;444;Макияж
15818208048;10021;444;Макияж
15818208029;10021;444;Макияж
20223392031;10013;444;Макияж
20224064003;10013;444;Макияж
35880544043;10013;333;Парфюмерия
15818992013;10021;444;Макияж
15818096034;10021;444;Макияж
17026464010;10013;555;Уход
15818320013;10021;444;Макияж
17025456007;10013;555;Уход
16924432034;10021;555;Уход
15794128012;10021;444;Макияж
15794128009;10021;444;Макияж
15794128011;10021;444;Макияж
16926112001;10021;555;Уход
17027808001;10013;555;Уход
15826160041;10013;444;Макияж
15818096050;10021;444;Макияж
16923312073;10021;555;Уход
40744368008;10013;444;Макияж
15800624016;10021;444;Макияж
15794128010;10021;444;Макияж
35865312116;10021;555;Уход
35865312114;10021;555;Уход
35865312115;10021;555;Уход
15836352007;10013;444;Макияж
17025904016;10013;555;Уход
15836464009;10013;444;Макияж
16926112002;10021;555;Уход
15818208045;10021;444;Макияж
17027808002;10013;555;Уход
15836464013;10013;444;Макияж
15836464006;10013;444;Макияж
15836464016;10013;444;Макияж
20223168004;10013;444;Макияж
20224960003;10013;444;Макияж
35865312121;10021;555;Уход
16926224001;10021;555;Уход
20225184006;10013;444;Макияж
15836464008;10013;444;Макияж
20225184001;10013;444;Макияж
35865312122;10021;555;Уход
15836464007;10013;444;Макияж
15836352008;10013;444;Макияж
15828736045;10013;444;Макияж
15828736038;10013;444;Макияж
15828736036;10013;444;Макияж
15836464011;10013;444;Макияж
15828736034;10013;444;Макияж
15828736031;10013;444;Макияж
15828736037;10013;444;Макияж
16925776001;10021;555;Уход
16925776002;10021;555;Уход
20225184007;10013;444;Макияж
16925776006;10021;555;Уход
20225184003;10013;444;Макияж
15828736032;10013;444;Макияж
15836464017;10013;444;Макияж
17027808003;10013;555;Уход
15828736030;10013;444;Макияж
20225184004;10013;444;Макияж
15836352009;10013;444;Макияж
15836464015;10013;444;Макияж
16925776007;10021;555;Уход
20225296001;10013;444;Макияж
16925776008;10021;555;Уход
15828736041;10013;444;Макияж
15828736044;10013;444;Макияж
15836352010;10013;444;Макияж
20225296002;10013;444;Макияж
20224624004;10013;444;Макияж
15828736035;10013;444;Макияж
15828736039;10013;444;Макияж
20224624007;10013;444;Макияж
20225296006;10013;444;Макияж
20225296004;10013;444;Макияж
16925776003;10021;555;Уход
15828736043;10013;444;Макияж
20224624006;10013;444;Макияж
15836464003;10013;444;Макияж
20225296003;10013;444;Макияж
16923760009;10021;555;Уход
15836464018;10013;444;Макияж
16923760010;10021;555;Уход
20225296007;10013;444;Макияж
20225184002;10013;444;Макияж
15836464010;10013;444;Макияж
15836352011;10013;444;Макияж
16925776009;10021;555;Уход
15836464012;10013;444;Макияж
16925776004;10021;555;Уход
16925552011;10021;555;Уход
20226528003;10013;555;Уход
16925552012;10021;555;Уход
15828736040;10013;444;Макияж
16925552013;10021;555;Уход
16925440003;10021;555;Уход
20223392026;10013;444;Макияж
16925440004;10021;555;Уход
35865312123;10021;555;Уход
7856352002;10013;333;Парфюмерия
20226528001;10013;555;Уход
7856352003;10013;333;Парфюмерия
16925888006;10021;555;Уход
20226192006;10013;555;Уход
17026464011;10013;555;Уход
15836464004;10013;444;Макияж
15818096049;10021;444;Макияж
15806336017;10021;444;Макияж
15806336012;10021;444;Макияж
15806336011;10021;444;Макияж
15806336007;10021;444;Макияж
15806336010;10021;444;Макияж
15806336019;10021;444;Макияж
15806336013;10021;444;Макияж
15806336018;10021;444;Макияж
15806336015;10021;444;Макияж
20225408002;10013;444;Макияж
20225520001;10013;444;Макияж
35852544091;10013;444;Макияж
16925328010;10021;555;Уход
20224064001;10013;444;Макияж
17026464012;10013;555;Уход
16924656019;10021;555;Уход
20225632001;10013;444;Макияж
20226528002;10013;555;Уход
15806336016;10021;444;Макияж
15819328011;10021;444;Макияж
15819216004;10021;444;Макияж
15819440010;10021;444;Макияж
15819440021;10021;444;Макияж
15819440018;10021;444;Макияж
15819328009;10021;444;Макияж
15819440013;10021;444;Макияж
15819440015;10021;444;Макияж
15819440012;10021;444;Макияж
15819552018;10021;444;Макияж
15819328012;10021;444;Макияж
15819664006;10021;444;Макияж
15819664007;10021;444;Макияж
15793904029;10021;444;Макияж
15819216008;10021;444;Макияж
15819440011;10021;444;Макияж
15819440009;10021;444;Макияж
15819440017;10021;444;Макияж
15819664008;10021;444;Макияж
15819216007;10021;444;Макияж
15819328008;10021;444;Макияж
15819552015;10021;444;Макияж
20225744002;10013;444;Макияж
20225744001;10013;444;Макияж
15819440008;10021;444;Макияж
35852544094;10013;444;Макияж
35865424085;10013;555;Уход
35865424088;10013;555;Уход
35880544045;10013;333;Парфюмерия
15819440020;10021;444;Макияж
20225856004;10013;444;Макияж
35865424086;10013;444;Макияж
20225744004;10013;555;Уход
20225856006;10013;444;Макияж
35852544093;10013;444;Макияж
20225744003;10013;555;Уход
35865424083;10013;555;Уход
35865312127;10021;555;Уход
35865312129;10021;555;Уход
35865312136;10021;555;Уход
35865312131;10021;555;Уход
20225856008;10013;444;Макияж
35852880012;10021;444;Макияж
16923312076;10021;555;Уход
35865312137;10021;555;Уход
35852544092;10013;444;Макияж
35865312130;10021;555;Уход
35865312133;10021;555;Уход
35865312124;10021;555;Уход
35865312125;10021;555;Уход
35865312128;10021;555;Уход
15793904030;10021;444;Макияж
35865312132;10021;555;Уход
35865424084;10013;555;Уход
20225856010;10013;444;Макияж
15819216009;10021;444;Макияж
35865312134;10021;555;Уход
20225408001;10013;444;Макияж
16923312075;10021;555;Уход
15819552017;10021;444;Макияж
15819440019;10021;444;Макияж
20225856011;10013;444;Макияж
15819552016;10021;444;Макияж
15819216006;10021;444;Макияж
35852544100;10013;444;Макияж
16923312074;10021;555;Уход
20225856007;10013;444;Макияж
20225856002;10013;444;Макияж
15819328010;10021;444;Макияж
20225856001;10013;444;Макияж
15819552019;10021;444;Макияж
15819328007;10021;444;Макияж
15819440007;10021;444;Макияж
20225856013;10013;444;Макияж
20223056018;10013;444;Макияж
20225856003;10013;444;Макияж
20225856021;10013;444;Макияж
35880544047;10013;333;Парфюмерия
15819440016;10021;444;Макияж
20225856017;10013;444;Макияж
35880544046;10013;333;Парфюмерия
35865312138;10021;555;Уход
20225856018;10013;444;Макияж
15819552013;10021;444;Макияж
35852544095;10013;444;Макияж
35865312140;10021;555;Уход
20225968011;10013;444;Макияж
35865424087;10013;555;Уход
20225968002;10013;444;Макияж
35865312139;10021;555;Уход
20225856012;10013;444;Макияж
35852544099;10013;444;Макияж
15819216003;10021;444;Макияж
20225856009;10013;444;Макияж
35852544101;10013;444;Макияж
20225856020;10013;444;Макияж
